request,candidate,product,country,season,text mode,verdict,score,winner,approved,text selection,text rendering,product match,context,country recognisable,plan guardrails,why it failed,unsure about,generation s,evaluation s,generation USD,evaluation USD,image,evidence,run id
b1-01-heineken-in-summer-exact,1,Beer (alcoholic lager),IN,summer,exact,PASS,1.0,yes,yes,PASS,PASS,PASS,PASS,PASS,approved,,,40.45,27.63,0.080447,0.035096,images/b1-01-heineken-in-summer-exact__5f8eed00-c1.png,evidence/b1-01-heineken-in-summer-exact__5f8eed00-c1.md,5f8eed00b0874b1ea0fb4af34f452583
b1-01-heineken-in-summer-exact,2,Beer (alcoholic lager),IN,summer,exact,PASS,1.0,no,no,PASS,PASS,PASS,PASS,PASS,approved,,,37.43,22.32,0.084806,0.033016,images/b1-01-heineken-in-summer-exact__5f8eed00-c2.png,evidence/b1-01-heineken-in-summer-exact__5f8eed00-c2.md,5f8eed00b0874b1ea0fb4af34f452583
b1-01-heineken-in-summer-exact,3,Beer (alcoholic lager),IN,summer,exact,PASS,1.0,no,no,PASS,PASS,PASS,PASS,PASS,approved,,,48.49,25.28,0.096443,0.030286,images/b1-01-heineken-in-summer-exact__5f8eed00-c3.png,evidence/b1-01-heineken-in-summer-exact__5f8eed00-c3.md,5f8eed00b0874b1ea0fb4af34f452583
b1-02-sunglasses-au-summer-extract,1,Sunglasses,AU,summer,extract,PASS,1.0,no,no,PASS,PASS,PASS,PASS,FAIL,approved,,,49.28,19.17,0.105264,0.023492,images/b1-02-sunglasses-au-summer-extract__db9d6da9-c1.png,evidence/b1-02-sunglasses-au-summer-extract__db9d6da9-c1.md,db9d6da92eb14b98897718abc0c19806
b1-02-sunglasses-au-summer-extract,2,Sunglasses,AU,summer,extract,PASS,1.0,yes,yes,PASS,PASS,PASS,PASS,PASS,approved,,,53.84,20.27,0.10781,0.024242,images/b1-02-sunglasses-au-summer-extract__db9d6da9-c2.png,evidence/b1-02-sunglasses-au-summer-extract__db9d6da9-c2.md,db9d6da92eb14b98897718abc0c19806
b1-02-sunglasses-au-summer-extract,3,Sunglasses,AU,summer,extract,PASS,1.0,no,no,PASS,PASS,PASS,PASS,PASS,approved,,,44.91,20.46,0.100637,0.025172,images/b1-02-sunglasses-au-summer-extract__db9d6da9-c3.png,evidence/b1-02-sunglasses-au-summer-extract__db9d6da9-c3.md,db9d6da92eb14b98897718abc0c19806
b1-03-bottle-jp-spring-exact,1,Reusable bottle,JP,spring,exact,PASS,1.0,yes,yes,PASS,PASS,PASS,PASS,PASS,approved,,,24.96,18.49,0.080382,0.01019,images/b1-03-bottle-jp-spring-exact__c36cf9dd-c1.png,evidence/b1-03-bottle-jp-spring-exact__c36cf9dd-c1.md,c36cf9ddd0bc48f6952158d18a371dda
b1-03-bottle-jp-spring-exact,2,Reusable bottle,JP,spring,exact,PASS,1.0,no,no,PASS,PASS,PASS,PASS,PASS,approved,,,26.39,16.99,0.080921,0.01029,images/b1-03-bottle-jp-spring-exact__c36cf9dd-c2.png,evidence/b1-03-bottle-jp-spring-exact__c36cf9dd-c2.md,c36cf9ddd0bc48f6952158d18a371dda
b1-03-bottle-jp-spring-exact,3,Reusable bottle,JP,spring,exact,PASS,1.0,no,no,PASS,PASS,PASS,PASS,PASS,approved,,,28.24,18.49,0.083534,0.01039,images/b1-03-bottle-jp-spring-exact__c36cf9dd-c3.png,evidence/b1-03-bottle-jp-spring-exact__c36cf9dd-c3.md,c36cf9ddd0bc48f6952158d18a371dda
b1-04-bottle-de-winter-extract,1,Reusable bottle,DE,winter,extract,PASS,1.0,no,no,PASS,PASS,PASS,PASS,PASS,approved,,,29.43,24.82,0.084999,0.01024,images/b1-04-bottle-de-winter-extract__d897ef86-c1.png,evidence/b1-04-bottle-de-winter-extract__d897ef86-c1.md,d897ef8643ec47c4a54884503c3a2fb8
b1-04-bottle-de-winter-extract,2,Reusable bottle,DE,winter,extract,FAIL,1.0,no,no,PASS,FAIL,PASS,PASS,PASS,approved,No duplicated or unplanned text: unplanned text: t1; t2; t3,,29.85,18.14,0.085372,0.01042,images/b1-04-bottle-de-winter-extract__d897ef86-c2.png,evidence/b1-04-bottle-de-winter-extract__d897ef86-c2.md,d897ef8643ec47c4a54884503c3a2fb8
b1-04-bottle-de-winter-extract,3,Reusable bottle,DE,winter,extract,PASS,1.0,yes,yes,PASS,PASS,PASS,PASS,PASS,approved,,,34.7,18.43,0.08905,0.01074,images/b1-04-bottle-de-winter-extract__d897ef86-c3.png,evidence/b1-04-bottle-de-winter-extract__d897ef86-c3.md,d897ef8643ec47c4a54884503c3a2fb8
b1-06-modelo-us-autumn-extract,1,Beer,US,autumn,extract,PASS,1.0,no,no,PASS,PASS,PASS,PASS,PASS,approved,,,33.67,25.3,0.086531,0.012128,images/b1-06-modelo-us-autumn-extract__b9ba8505-c1.png,evidence/b1-06-modelo-us-autumn-extract__b9ba8505-c1.md,b9ba8505c1cd4336b91ed1f8931805bd
b1-06-modelo-us-autumn-extract,2,Beer,US,autumn,extract,PASS,1.0,yes,yes,PASS,PASS,PASS,PASS,PASS,approved,,,28.51,22.51,0.084563,0.013588,images/b1-06-modelo-us-autumn-extract__b9ba8505-c2.png,evidence/b1-06-modelo-us-autumn-extract__b9ba8505-c2.md,b9ba8505c1cd4336b91ed1f8931805bd
b1-06-modelo-us-autumn-extract,3,Beer,US,autumn,extract,FAIL,0.9573,no,no,PASS,FAIL,FAIL,PASS,PASS,approved,"Every copy line appears once, spelled exactly: expected 'Up to 20% off 12-packs at selected stores this weekend only.', read 'Up to 20% off 12-packs at selected st'ores this weekend only.' (altered) | No duplicated or unplanned text: duplicated copy: 21+ to purchase. | Product branding matches the reference: Modelo, Especial, and CERVEZA are visible, but the small neck date appears to read “EST. 1922,” not “EST. 1925.”",,30.62,26.05,0.086285,0.013718,images/b1-06-modelo-us-autumn-extract__b9ba8505-c3.png,evidence/b1-06-modelo-us-autumn-extract__b9ba8505-c3.md,b9ba8505c1cd4336b91ed1f8931805bd
b1-07-jeep-gb-winter-exact,1,Four-door off-road SUV,GB,winter,exact,PASS,1.0,yes,yes,PASS,PASS,PASS,PASS,PASS,approved,,,29.63,26.63,0.081417,0.014274,images/b1-07-jeep-gb-winter-exact__ab84c189-c1.png,evidence/b1-07-jeep-gb-winter-exact__ab84c189-c1.md,ab84c1892e0b4020a0665ab6acc65772
b1-07-jeep-gb-winter-exact,2,Four-door off-road SUV,GB,winter,exact,PASS,1.0,no,no,PASS,PASS,PASS,PASS,PASS,approved,,,25.02,20.81,0.083175,0.012554,images/b1-07-jeep-gb-winter-exact__ab84c189-c2.png,evidence/b1-07-jeep-gb-winter-exact__ab84c189-c2.md,ab84c1892e0b4020a0665ab6acc65772
b1-07-jeep-gb-winter-exact,3,Four-door off-road SUV,GB,winter,exact,UNSURE,0.9792,no,no,PASS,PASS,UNSURE,PASS,PASS,approved,,Distinctive parts preserved: no answer/abstained,34.34,22.79,0.087287,0.013714,images/b1-07-jeep-gb-winter-exact__ab84c189-c3.png,evidence/b1-07-jeep-gb-winter-exact__ab84c189-c3.md,ab84c1892e0b4020a0665ab6acc65772
b1-12-heineken-ae-summer-exact,1,Beer (alcoholic lager),AE,summer,exact,PASS,1.0,yes,yes,PASS,PASS,PASS,PASS,PASS,approved,,,34.01,27.29,0.079927,0.01517,images/b1-12-heineken-ae-summer-exact__f45717d8-c1.png,evidence/b1-12-heineken-ae-summer-exact__f45717d8-c1.md,f45717d827b34cdd8912750af6aed442
b1-12-heineken-ae-summer-exact,2,Beer (alcoholic lager),AE,summer,exact,PASS,1.0,no,no,PASS,PASS,PASS,PASS,FAIL,approved,,,53.77,24.51,0.081581,0.01548,images/b1-12-heineken-ae-summer-exact__f45717d8-c2.png,evidence/b1-12-heineken-ae-summer-exact__f45717d8-c2.md,f45717d827b34cdd8912750af6aed442
b1-12-heineken-ae-summer-exact,3,Beer (alcoholic lager),AE,summer,exact,FAIL,0.9722,no,no,PASS,PASS,PASS,FAIL,FAIL,approved,No flags; landmarks only in the background: A small triangular pennant is visible on the background boat's mast.,,37.73,24.75,0.082909,0.01788,images/b1-12-heineken-ae-summer-exact__f45717d8-c3.png,evidence/b1-12-heineken-ae-summer-exact__f45717d8-c3.md,f45717d827b34cdd8912750af6aed442
b1-18-jeep-us-summer-exact,1,SUV / off-road vehicle,US,summer,exact,UNSURE,0.9792,yes,no,PASS,PASS,UNSURE,PASS,PASS,approved,,Distinctive parts preserved: no answer/abstained,28.16,22.54,0.083126,0.012296,images/b1-18-jeep-us-summer-exact__05359b90-c1.png,evidence/b1-18-jeep-us-summer-exact__05359b90-c1.md,05359b9023794fc499c59a87da12ef9a
b1-18-jeep-us-summer-exact,2,SUV / off-road vehicle,US,summer,exact,UNSURE,0.9792,no,no,PASS,PASS,UNSURE,PASS,PASS,approved,,Distinctive parts preserved: no answer/abstained,28.72,20.21,0.082088,0.011486,images/b1-18-jeep-us-summer-exact__05359b90-c2.png,evidence/b1-18-jeep-us-summer-exact__05359b90-c2.md,05359b9023794fc499c59a87da12ef9a
b1-18-jeep-us-summer-exact,3,SUV / off-road vehicle,US,summer,exact,UNSURE,0.9792,no,no,PASS,PASS,UNSURE,PASS,PASS,approved,,Distinctive parts preserved: no answer/abstained,27.2,20.73,0.084479,0.011436,images/b1-18-jeep-us-summer-exact__05359b90-c3.png,evidence/b1-18-jeep-us-summer-exact__05359b90-c3.md,05359b9023794fc499c59a87da12ef9a
b1-20-heineken-br-winter-extract,1,Beer (alcoholic lager),BR,winter,extract,PASS,1.0,no,no,PASS,PASS,PASS,PASS,PASS,approved,,,37.76,29.56,0.088674,0.015098,images/b1-20-heineken-br-winter-extract__9d7cd589-c1.png,evidence/b1-20-heineken-br-winter-extract__9d7cd589-c1.md,9d7cd589dc7e4df7b8439a2426857593
b1-20-heineken-br-winter-extract,2,Beer (alcoholic lager),BR,winter,extract,PASS,1.0,yes,yes,PASS,PASS,PASS,PASS,PASS,approved,,,40.65,26.22,0.089997,0.015688,images/b1-20-heineken-br-winter-extract__9d7cd589-c2.png,evidence/b1-20-heineken-br-winter-extract__9d7cd589-c2.md,9d7cd589dc7e4df7b8439a2426857593
b1-20-heineken-br-winter-extract,3,Beer (alcoholic lager),BR,winter,extract,PASS,1.0,no,no,PASS,PASS,PASS,PASS,UNSURE,approved,,,42.9,24.67,0.087472,0.017268,images/b1-20-heineken-br-winter-extract__9d7cd589-c3.png,evidence/b1-20-heineken-br-winter-extract__9d7cd589-c3.md,9d7cd589dc7e4df7b8439a2426857593
